brand,model,repair_type,price
Apple,iPhone 4/4S,iPhone Skjermbytte - OEM Skjerm Bakglass/ Back glass med ramme,499kr
Apple,iPhone 5,iPhone Skjermbytte - OEM Skjerm Bakglass/ Back glass med ramme,499kr
Apple,iPhone 5C,iPhone Skjermbytte - OEM Skjerm Bakglass/ Back glass med ramme,499kr
Apple,iPhone 5S,iPhone Skjermbytte - OEM Skjerm Bakglass/ Back glass med ramme,499kr
Apple,iPhone SE,iPhone Skjermbytte - OEM Skjerm Bakglass/ Back glass med ramme,499kr
Apple,iPhone 6,iPhone Skjermbytte - OEM Skjerm Bakglass/ Back glass med ramme,599kr
Apple,iPhone 6 Plus,iPhone Skjermbytte - OEM Skjerm Bakglass/ Back glass med ramme,699kr
Apple,iPhone 6S,iPhone Skjermbytte - OEM Skjerm Bakglass/ Back glass med ramme,599kr
Apple,iPhone 6S Plus,iPhone Skjermbytte - OEM Skjerm Bakglass/ Back glass med ramme,699kr
Apple,iPhone 7,iPhone Skjermbytte - OEM Skjerm Bakglass/ Back glass med ramme,799kr
Apple,iPhone 7 Plus,iPhone Skjermbytte - OEM Skjerm Bakglass/ Back glass med ramme,899kr
Apple,iPhone 8/se20,iPhone Skjermbytte - OEM Skjerm Bakglass/ Back glass med ramme,899kr
Apple,iPhone 8 Plus,iPhone Skjermbytte - OEM Skjerm Bakglass/ Back glass med ramme,999kr
Apple,iPhone SE 2022,iPhone Skjermbytte - OEM Skjerm Bakglass/ Back glass med ramme,1199kr
Apple,iPhone X,iPhone Skjermbytte - OEM Skjerm Bakglass/ Back glass med ramme,1299kr
Apple,iPhone XR,iPhone Skjermbytte - OEM Skjerm Bakglass/ Back glass med ramme,1399kr
Apple,iPhone XS,iPhone Skjermbytte - OEM Skjerm Bakglass/ Back glass med ramme,1399kr
Apple,iPhone XS Max,iPhone Skjermbytte - OEM Skjerm Bakglass/ Back glass med ramme,1699kr
Apple,iPhone 11,iPhone Skjermbytte - OEM Skjerm Bakglass/ Back glass med ramme,1599kr
Apple,iPhone 11 Pro,iPhone Skjermbytte - OEM Skjerm Bakglass/ Back glass med ramme,1699kr
Apple,iPhone 12 mini,iPhone Skjermbytte - OEM Skjerm Bakglass/ Back glass med ramme,1999kr
Apple,iPhone 12/iPhone 12 pro 2099kr,iPhone Skjermbytte - OEM Skjerm Bakglass/ Back glass med ramme,1999kr/2999kr
Apple,iPhone 12 pro max,iPhone Skjermbytte - OEM Skjerm Bakglass/ Back glass med ramme,2299kr
Apple,iPhone 13 mini,iPhone Skjermbytte - OEM Skjerm Bakglass/ Back glass med ramme,2199kr
Apple,iPhone 13,iPhone Skjermbytte - OEM Skjerm Bakglass/ Back glass med ramme,2599kr
Apple,iPhone 13 pro,iPhone Skjermbytte - OEM Skjerm Bakglass/ Back glass med ramme,3199kr
Apple,iPhone 13 pro max,iPhone Skjermbytte - OEM Skjerm Bakglass/ Back glass med ramme,4099kr
Apple,iPhone 14,iPhone Skjermbytte - OEM Skjerm Bakglass/ Back glass med ramme,3099kr
Apple,iPhone 14 pluss,iPhone Skjermbytte - OEM Skjerm Bakglass/ Back glass med ramme,3399kr
Apple,iPhone 14 pro,iPhone Skjermbytte - OEM Skjerm Bakglass/ Back glass med ramme,4599kr
Apple,iPhone 14 pro max,iPhone Skjermbytte - OEM Skjerm Bakglass/ Back glass med ramme,5399kr
Apple,iPhone 15,iPhone Skjermbytte - OEM Skjerm Bakglass/ Back glass med ramme,3999kr
Apple,iPhone 15 pluss,iPhone Skjermbytte - OEM Skjerm Bakglass/ Back glass med ramme,4399kr
Apple,iPhone 15 pro,iPhone Skjermbytte - OEM Skjerm Bakglass/ Back glass med ramme,5999kr
Apple,iPhone 15 pro max,iPhone Skjermbytte - OEM Skjerm Bakglass/ Back glass med ramme,6999kr
Apple,iPhone 4/4S,iPhone Batteri,299kr
Apple,iPhone 5,iPhone Batteri,299kr
Apple,iPhone 5C,iPhone Batteri,299kr
Apple,iPhone 5S,iPhone Batteri,499kr
Apple,iPhone SE,iPhone Batteri,499kr
Apple,iPhone 6,iPhone Batteri,599kr
Apple,iPhone 6 Plus,iPhone Batteri,599kr
Apple,iPhone 6S,iPhone Batteri,599kr
Apple,iPhone 6S Plus,iPhone Batteri,599kr
Apple,iPhone 7,iPhone Batteri,599kr
Apple,iPhone 7 Plus,iPhone Batteri,599kr
Apple,iPhone 8,iPhone Batteri,599kr
Apple,iPhone 8 Plus,iPhone Batteri,599kr
Apple,iPhone SE 2020,iPhone Batteri,599kr
Apple,iPhone X,iPhone Batteri,899kr
Apple,iPhone XR,iPhone Batteri,899kr
Apple,iPhone XS,iPhone Batteri,899kr
Apple,iPhone XS Max,iPhone Batteri,999kr
Apple,iPhone 11,iPhone Batteri,999kr
Apple,iPhone 11 Pro,iPhone Batteri,1099kr
Apple,iPhone 12 mini,iPhone Batteri,1499kr
Apple,iPhone 12/12 pro,iPhone Batteri,1499kr
Apple,iPhone 13,iPhone Batteri,1599kr
Apple,iPhone 13 pro,iPhone Batteri,1899kr
Apple,iPhone 4 Serie,iPhone Lyd & Lading - Mikrofon Høytaler Ladeport,99kr
Apple,iPhone 5 Serie,iPhone Lyd & Lading - Mikrofon Høytaler Ladeport,399kr
Apple,iPhone 6 Serie,iPhone Lyd & Lading - Mikrofon Høytaler Ladeport,499kr
Apple,iPhone 7 Serie,iPhone Lyd & Lading - Mikrofon Høytaler Ladeport,599kr
Apple,iPhone 8 Serie,iPhone Lyd & Lading - Mikrofon Høytaler Ladeport,799kr
Apple,iPhone X Serie,iPhone Lyd & Lading - Mikrofon Høytaler Ladeport,899kr
Apple,iPhone 11 Serie,iPhone Lyd & Lading - Mikrofon Høytaler Ladeport,999kr
Apple,iPhone 12 /12pro,iPhone Lyd & Lading - Mikrofon Høytaler Ladeport,1199kr
Apple,iPhone 12 pro max 2499kr,iPhone Lyd & Lading - Mikrofon Høytaler Ladeport,2499kr
Apple,iPhone 13/13pro,iPhone Lyd & Lading - Mikrofon Høytaler Ladeport,2999kr
Apple,iPhone 13 pro max 3199kr,iPhone Lyd & Lading - Mikrofon Høytaler Ladeport,3199kr
Apple,iPhone 4 Serie    199kr,iPhone Kamera - Front Kamera Bak kamera Ramme,199kr
Apple,iPhone 4 Serie    199kr,iPhone Kamera - Lense/Kamera Glas,499kr
Apple,iPhone 5 Serie    199kr,iPhone Kamera - Front Kamera Bak kamera Ramme,299kr
Apple,iPhone 5 Serie    199kr,iPhone Kamera - Lense/Kamera Glas,699kr
Apple,iPhone 6 Serie    399kr,iPhone Kamera - Front Kamera Bak kamera Ramme,499kr
Apple,iPhone 6 Serie    399kr,iPhone Kamera - Lense/Kamera Glas,799kr
Apple,iPhone 7 Serie    399kr,iPhone Kamera - Front Kamera Bak kamera Ramme,799kr
Apple,iPhone 7 Serie    399kr,iPhone Kamera - Lense/Kamera Glas,899kr
Apple,iPhone 999kr,iPhone Kamera - Front Kamera Bak kamera Ramme,899kr
Apple,"iPhone iPad 5 A1822, A1823",iPhone Kamera - Front Kamera Bak kamera Ramme,1599kr
Apple,"iPhone iPad 5 A1822, A1823",iPhone Kamera - Lense/Kamera Glas,999kr
Apple,"iPhone iPad 6 A1893, A1954",iPhone Kamera - Front Kamera Bak kamera Ramme,1699kr
Apple,"iPhone iPad 6 A1893, A1954",iPhone Kamera - Lense/Kamera Glas,999kr
Apple,"iPhone iPad 7 A2197, A2200",iPhone Kamera - Front Kamera Bak kamera Ramme,1799kr
Apple,"iPhone iPad 7 A2197, A2200",iPhone Kamera - Lense/Kamera Glas,999kr
Apple,"iPhone iPad 8 A2270, A2428",iPhone Kamera - Front Kamera Bak kamera Ramme,1799kr
Apple,"iPhone iPad 8 A2270, A2428",iPhone Kamera - Lense/Kamera Glas,999kr
Apple,"iPhone iPad 9 A2602, A2603, A2604, A2605",iPhone Kamera - Front Kamera Bak kamera Ramme,1899kr
Apple,"iPhone iPad 9 A2602, A2603, A2604, A2605",iPhone Kamera - Lense/Kamera Glas,999kr
Apple,"iPhone iPad Pro A1701, A1673",iPhone Kamera - Front Kamera Bak kamera Ramme,2899kr
Apple,"iPhone iPad Pro A1701, A1673",iPhone Kamera - Lense/Kamera Glas,999kr
Apple,"iPhone iPad Pro 11” A1980, A2013, A1934",iPhone Kamera - Front Kamera Bak kamera Ramme,3399kr
Apple,"iPhone iPad Pro 11” A1980, A2013, A1934",iPhone Kamera - Lense/Kamera Glas,1599kr
Apple,iPhone iPad Pro 12.9” A1584,iPhone Kamera - Front Kamera Bak kamera Ramme,3299kr
Apple,iPhone iPad Pro 12.9” A1584,iPhone Kamera - Lense/Kamera Glas,1299kr
Apple,"iPhone iPad Pro 12.9” A1670, A1671, A1821 5399kr",iPhone Kamera - Front Kamera Bak kamera Ramme,1299kr
Apple,"iPhone iPad Pro 12.9” A1876, A2014, A1983 4199kr",iPhone Kamera - Front Kamera Bak kamera Ramme,1299kr
Apple,"iPhone iPad Air 1 A1474, A1475",iPhone Kamera - Front Kamera Bak kamera Ramme,1599kr
Apple,"iPhone iPad Air 1 A1474, A1475",iPhone Kamera - Lense/Kamera Glas,999kr
Apple,"iPhone iPad Air 3 A2152, A2123,A2153",iPhone Kamera - Front Kamera Bak kamera Ramme,2999kr
Apple,"iPhone iPad Air 3 A2152, A2123,A2153",iPhone Kamera - Lense/Kamera Glas,1299kr
Apple,"iPhone iPad Mini 3 A1599, A1600",iPhone Kamera - Front Kamera Bak kamera Ramme,1599kr
Apple,"iPhone iPad Mini 3 A1599, A1600",iPhone Kamera - Lense/Kamera Glas,999kr
Apple,"iPhone iPad mini 4 A1538, A1550",iPhone Kamera - Front Kamera Bak kamera Ramme,1999kr
Apple,"iPhone iPad mini 4 A1538, A1550",iPhone Kamera - Lense/Kamera Glas,999kr
Apple,"iPhone iPad mini 5 A2133, A2124, A2126",iPhone Kamera - Front Kamera Bak kamera Ramme,2599kr
Apple,"iPhone iPad mini 5 A2133, A2124, A2126",iPhone Kamera - Lense/Kamera Glas,999kr
Apple,"Apple 449,-",Personal support,449kr
Apple,"Apple Enkel førstegangsvurdering 199,-",Personal support,199kr
Apple,Apple Feilsøking,Personal support,799kr
Apple,Apple Backup,Personal support,699kr
Apple,Apple Fjerne firmware-passord,Personal support,999kr
Apple,Apple Series 1 38 mm 999kr,Personal support,1399kr
Apple,Apple Series 1 42 mm 999kr,Personal support,1499kr
Apple,Apple Series 2 38 mm 999kr,Personal support,1599kr
Apple,Apple Series 2 42 mm 999kr,Personal support,1699kr
Apple,Apple Series 3 38 mm 999kr,Personal support,1999kr
Apple,Apple Series 3 42 mm 999kr,Personal support,2199kr
Apple,Apple Series 4 40 mm 999kr,Personal support,2499kr
Apple,Apple Series 4 44 mm 999kr,Personal support,2999kr
Apple,Apple Series 5 40mm,Personal support,999kr
Apple,Apple Series 5 44mm,Personal support,999kr
Samsung,Samsung Galaxy S7 Edge,Skjermbytte - Pris,2199kr
Samsung,Samsung Galaxy S7,Skjermbytte - Pris,1599kr
Samsung,Samsung Galaxy S8,Skjermbytte - Pris,2399kr
Samsung,Samsung Galaxy S8+,Skjermbytte - Pris,2499kr
Samsung,Samsung Galaxy S9,Skjermbytte - Pris,2499kr
Samsung,Samsung Galaxy S9+,Skjermbytte - Pris,2599kr
Samsung,Samsung Galaxy S10,Skjermbytte - Pris,2999kr
Samsung,Samsung Galaxy S10+,Skjermbytte - Pris,3299kr
Samsung,Samsung Galaxy S10e,Skjermbytte - Pris,3099kr
Samsung,Samsung Galaxy S10 5G,Skjermbytte - Pris,3299kr
Samsung,Samsung Galaxy S20,Skjermbytte - Pris,3099kr
Samsung,Samsung Galaxy S20+,Skjermbytte - Pris,3499kr
Samsung,Samsung Galaxy S20 Ultra,Skjermbytte - Pris,3799kr
Samsung,Samsung Galaxy S20 FE,Skjermbytte - Pris,2499kr
Samsung,Samsung Galaxy S21 FE,Skjermbytte - Pris,2599kr
Samsung,Samsung Galaxy S21,Skjermbytte - Pris,3299kr
Samsung,Samsung Galaxy S21+,Skjermbytte - Pris,3599kr
Samsung,Samsung Galaxy S21 Ultra,Skjermbytte - Pris,4199kr
Samsung,Samsung Galaxy S22,Skjermbytte - Pris,3699kr
Samsung,Samsung Galaxy S22+,Skjermbytte - Pris,3999kr
Samsung,Samsung Galaxy S22 Ultra,Skjermbytte - Pris,4999kr
Samsung,Samsung Galaxy S23,Skjermbytte - Pris,3899kr
Samsung,Samsung Galaxy S23+,Skjermbytte - Pris,4299kr
Samsung,Samsung Galaxy S23 ultra,Skjermbytte - Pris,5399kr
Samsung,Samsung Galaxy Note8,Skjermbytte - Pris,2899kr
Samsung,Samsung Galaxy Note9,Skjermbytte - Pris,3099kr
Samsung,Samsung Galaxy Note10,Skjermbytte - Pris,3599kr
Samsung,Samsung Galaxy Note10+,Skjermbytte - Pris,4099kr
Samsung,Samsung Galaxy Note10 Lite,Skjermbytte - Pris,2499kr
Samsung,Samsung Galaxy Note20,Skjermbytte - Pris,3799kr
Samsung,Samsung Galaxy Note20 Ultra,Skjermbytte - Pris,4899kr
Samsung,Samsung Galaxy A5 (2017),Skjermbytte - Pris,1499kr
Samsung,Samsung Galaxy A6 (2018),Skjermbytte - Pris,1399kr
Samsung,Samsung Galaxy A6+ (2018),Skjermbytte - Pris,1499kr
Samsung,Samsung Galaxy A7 (2017),Skjermbytte - Pris,1599kr
Samsung,Samsung Galaxy A7 (2018),Skjermbytte - Pris,1499kr
Samsung,Samsung Galaxy A8 Star (A9 Star),Skjermbytte - Pris,1599kr
Samsung,Samsung Galaxy A9 (2018),Skjermbytte - Pris,1599kr
Samsung,Samsung Galaxy A10 (2019),Skjermbytte - Pris,1099kr
Samsung,Samsung Galaxy A10s (2019),Skjermbytte - Pris,1099kr
Samsung,Samsung Galaxy A10e (2019),Skjermbytte - Pris,1099kr
Samsung,Samsung Galaxy A12 (2020),Skjermbytte - Pris,1199kr
Samsung,Samsung Galaxy A13,Skjermbytte - Pris,1299kr
Samsung,Samsung Galaxy A20 (2019),Skjermbytte - Pris,1299kr
Samsung,Samsung Galaxy A20e (2019),Skjermbytte - Pris,1299kr
Samsung,Samsung Galaxy A20s,Skjermbytte - Pris,1299kr
Samsung,Samsung Galaxy A21 Core (2019),Skjermbytte - Pris,1599kr
Samsung,Samsung Galaxy A21 (2020),Skjermbytte - Pris,1499kr
Samsung,Samsung Galaxy A21s (2020),Skjermbytte - Pris,1499kr
Samsung,Samsung Galaxy A22,Skjermbytte - Pris,1499kr
Samsung,Samsung Galaxy A23,Skjermbytte - Pris,1699kr
Samsung,Samsung Galaxy A30,Skjermbytte - Pris,1499kr
Samsung,Samsung Galaxy A30s,Skjermbytte - Pris,1499kr
Samsung,Samsung Galaxy A31,Skjermbytte - Pris,1499kr
Samsung,Samsung Galaxy A32,Skjermbytte - Pris,1599kr
Samsung,Samsung Galaxy A33,Skjermbytte - Pris,1699kr
Samsung,Samsung Galaxy A40,Skjermbytte - Pris,1499kr
Samsung,Samsung Galaxy A41,Skjermbytte - Pris,1599kr
Samsung,Samsung Galaxy A42,Skjermbytte - Pris,1699kr
Samsung,Samsung Galaxy A50,Skjermbytte - Pris,1599kr
Samsung,Samsung Galaxy A51 (2019),Skjermbytte - Pris,1699kr
Samsung,Samsung Galaxy A52,Skjermbytte - Pris,1699kr
Samsung,Samsung Galaxy A52S,Skjermbytte - Pris,1699kr
Samsung,Samsung Galaxy A53,Skjermbytte - Pris,1799kr
Samsung,Samsung Galaxy A70,Skjermbytte - Pris,1599kr
Samsung,Samsung Galaxy A71,Skjermbytte - Pris,1699kr
Samsung,Samsung Galaxy J7 V (2017),Skjermbytte - Pris,1399kr
Samsung,Samsung Galaxy J5 (2017),Skjermbytte - Pris,1299kr
Samsung,Samsung Galaxy J7 Max (2017),Skjermbytte - Pris,1499kr
Samsung,Samsung Galaxy J7 (2017),Skjermbytte - Pris,1399kr
Samsung,Samsung Galaxy J7 Pro (2017),Skjermbytte - Pris,1499kr
Samsung,Samsung Galaxy J3 (2017),Skjermbytte - Pris,1399kr
Samsung,Samsung Galaxy J2 (2017),Skjermbytte - Pris,1299kr
Samsung,Samsung Galaxy J2 Pro (2018),Skjermbytte - Pris,1399kr
Samsung,Samsung Galaxy J7 Prime 2 (2018),Skjermbytte - Pris,1399kr
Samsung,Samsung Galaxy J7 Duo (2018),Skjermbytte - Pris,1399kr
Samsung,Samsung Galaxy J4 (2018),Skjermbytte - Pris,1399kr
Samsung,Samsung Galaxy J6 (2018),Skjermbytte - Pris,1499kr
Samsung,Samsung Galaxy J3 (2018),Skjermbytte - Pris,1499kr
Samsung,Samsung Galaxy J8 (2018),Skjermbytte - Pris,1599kr
Samsung,Samsung Galaxy J7 (2018),Skjermbytte - Pris,1399kr
Samsung,Samsung Galaxy J2 Core (2018),Skjermbytte - Pris,1399kr
Samsung,Samsung Galaxy J4+ (2018),Skjermbytte - Pris,1399kr
Samsung,Samsung Galaxy J6+ (2018),Skjermbytte - Pris,1399kr
Samsung,Samsung Galaxy J4 Core (2018),Skjermbytte - Pris,1399kr
Samsung,Samsung Galaxy J2 Core (2020),Skjermbytte - Pris,1399kr
Samsung,Samsung Galaxy Xcover 3 (2015),Skjermbytte - Pris,999kr
Samsung,Samsung Galaxy Xcover 3 G389F (2016),Skjermbytte - Pris,999kr
Samsung,Samsung Galaxy Xcover 4 (2017),Skjermbytte - Pris,1299kr
Samsung,Samsung Galaxy Xcover 4s (2019),Skjermbytte - Pris,1299kr
Samsung,Samsung Galaxy Xcover Pro (2020),Skjermbytte - Pris,1399kr
Samsung,Samsung Galaxy Xcover FieldPro (2020),Skjermbytte - Pris,1399kr
Samsung,Samsung Galaxy Xcover 5 (2021),Skjermbytte - Pris,1399kr
Samsung,Samsung Galaxy Fold (2019),Skjermbytte - Pris,4999kr
Samsung,Samsung Galaxy Fold 5G (2019),Skjermbytte - Pris,5899kr
Samsung,Samsung Galaxy Z Fold2 5G (2020),Skjermbytte - Pris,5999kr
Samsung,Samsung Galaxy Z Fold3 5G,Skjermbytte - Pris,6999kr
Samsung,Samsung Galaxy Z Fold2/3 Foran Skjerm,Skjermbytte - Pris,3799kr
Samsung,Samsung Galaxy Tab Active 2 (2017),Skjermbytte - Pris,1999kr
Samsung,Samsung Galaxy Tab A 10.5 (2018),Skjermbytte - Pris,2499kr
Samsung,Samsung Galaxy Tab S4 10.5 (2018),Skjermbytte - Pris,2499kr
Samsung,Samsung Galaxy Tab A 8.0 (2018),Skjermbytte - Pris,2499kr
Samsung,Samsung Galaxy Tab Advanced2 (2018),Skjermbytte - Pris,2499kr
Samsung,Samsung Galaxy Tab A 10.1 (2019),Skjermbytte - Pris,2999kr
Samsung,Samsung Galaxy Tab S5e (2019),Skjermbytte - Pris,2999kr
Samsung,Samsung Galaxy Tab A 8.0 (2019),Skjermbytte - Pris,2999kr
Samsung,Samsung Galaxy Tab S6 (2019),Skjermbytte - Pris,2999kr
Samsung,Samsung Galaxy Tab Active Pro (2019),Skjermbytte - Pris,2999kr
Samsung,Samsung Galaxy Tab S6 5G (2020),Skjermbytte - Pris,3499kr
Samsung,Samsung Galaxy Tab A 8.4 (2020),Skjermbytte - Pris,3499kr
Samsung,Samsung Galaxy Tab S6 Lite (2020),Skjermbytte - Pris,3499kr
Samsung,Samsung Galaxy Tab S7 (2020),Skjermbytte - Pris,3499kr
Samsung,Samsung Galaxy Tab S7+ (2020),Skjermbytte - Pris,3499kr
Samsung,Samsung Galaxy Tab A7 10.4 (2020),Skjermbytte - Pris,3499kr
Samsung,Samsung Galaxy Tab Active3 (2020),Skjermbytte - Pris,3499kr
Samsung,Samsung Galaxy S7 Edge,Batteribytte - Pris,799kr
Samsung,Samsung Galaxy S7,Batteribytte - Pris,799kr
Samsung,Samsung Galaxy S8+,Batteribytte - Pris,899kr
Samsung,Samsung Galaxy S8,Batteribytte - Pris,899kr
Samsung,Samsung Galaxy S8 Active,Batteribytte - Pris,899kr
Samsung,Samsung Galaxy S9,Batteribytte - Pris,899kr
Samsung,Samsung Galaxy S9+,Batteribytte - Pris,899kr
Samsung,Samsung Galaxy S10,Batteribytte - Pris,999kr
Samsung,Samsung Galaxy S10+,Batteribytte - Pris,999kr
Samsung,Samsung Galaxy S10e,Batteribytte - Pris,999kr
Samsung,Samsung Galaxy S10 5G,Batteribytte - Pris,999kr
Samsung,Samsung Galaxy S20,Batteribytte - Pris,999kr
Samsung,Samsung Galaxy S20+,Batteribytte - Pris,1299kr
Samsung,Samsung Galaxy S20 Ultra,Batteribytte - Pris,1299kr
Samsung,Samsung Galaxy S20 FE,Batteribytte - Pris,899kr
Samsung,Samsung Galaxy S21,Batteribytte - Pris,999kr
Samsung,Samsung Galaxy S21+,Batteribytte - Pris,1299kr
Samsung,Samsung Galaxy S21 Ultra,Batteribytte - Pris,1299kr
Samsung,Samsung Galaxy Note8,Batteribytte - Pris,999kr
Samsung,Samsung Galaxy Note9,Batteribytte - Pris,999kr
Samsung,Samsung Galaxy Note10,Batteribytte - Pris,999kr
Samsung,Samsung Galaxy Note10+,Batteribytte - Pris,1199kr
Samsung,Samsung Galaxy Note10 Lite,Batteribytte - Pris,1199kr
Samsung,Samsung Galaxy Note20,Batteribytte - Pris,1199kr
Samsung,Samsung Galaxy Note20 Ultra,Batteribytte - Pris,1299kr
Samsung,Samsung Galaxy A3 (2016),Batteribytte - Pris,799kr
Samsung,Samsung Galaxy A5 (2016),Batteribytte - Pris,799kr
Samsung,Samsung Galaxy A7 (2016),Batteribytte - Pris,799kr
Samsung,Samsung Galaxy A9 (2016),Batteribytte - Pris,799kr
Samsung,Samsung Galaxy A9 Pro (2016),Batteribytte - Pris,799kr
Samsung,Samsung Galaxy A8 (2016),Batteribytte - Pris,799kr
Samsung,Samsung Galaxy A3 (2017),Batteribytte - Pris,799kr
Samsung,Samsung Galaxy A5 (2017),Batteribytte - Pris,799kr
Samsung,Samsung Galaxy A7 (2017),Batteribytte - Pris,799kr
Samsung,Samsung Galaxy A6 (2018),Batteribytte - Pris,799kr
Samsung,Samsung Galaxy A6+ (2018),Batteribytte - Pris,799kr
Samsung,Samsung Galaxy A8 Star (A9 Star),Batteribytte - Pris,799kr
Samsung,Samsung Galaxy A7 (2018),Batteribytte - Pris,799kr
Samsung,Samsung Galaxy A9 (2018),Batteribytte - Pris,799kr
Samsung,Samsung Galaxy A6s (2018),Batteribytte - Pris,799kr
Samsung,Samsung Galaxy A8s (2018),Batteribytte - Pris,799kr
Samsung,Samsung Galaxy A10 (2019),Batteribytte - Pris,799kr
Samsung,Samsung Galaxy A20 (2019),Batteribytte - Pris,799kr
Samsung,Samsung Galaxy A20e (2019),Batteribytte - Pris,799kr
Samsung,Samsung Galaxy A30 (2019),Batteribytte - Pris,799kr
Samsung,Samsung Galaxy A40 (2019),Batteribytte - Pris,799kr
Samsung,Samsung Galaxy A50 (2019),Batteribytte - Pris,799kr
Samsung,Samsung Galaxy A60 (2019),Batteribytte - Pris,799kr
Samsung,Samsung Galaxy A70 (2019),Batteribytte - Pris,799kr
Samsung,Samsung Galaxy A2 Core (2019),Batteribytte - Pris,799kr
Samsung,Samsung Galaxy A80 (2019),Batteribytte - Pris,799kr
Samsung,Samsung Galaxy A10e (2019),Batteribytte - Pris,799kr
Samsung,Samsung Galaxy A10s (2019),Batteribytte - Pris,799kr
Samsung,Samsung Galaxy A50s (2019),Batteribytte - Pris,799kr
Samsung,Samsung Galaxy A30s (2019),Batteribytte - Pris,799kr
Samsung,Samsung Galaxy A90 5G (2019),Batteribytte - Pris,799kr
Samsung,Samsung Galaxy A70s (2019),Batteribytte - Pris,799kr
Samsung,Samsung Galaxy A20s (2019),Batteribytte - Pris,799kr
Samsung,Samsung Galaxy A51 (2019),Batteribytte - Pris,799kr
Samsung,Samsung Galaxy A71 (2020),Batteribytte - Pris,799kr
Samsung,Samsung Galaxy A01 (2020),Batteribytte - Pris,799kr
Samsung,Samsung Galaxy A31 (2020),Batteribytte - Pris,799kr
Samsung,Samsung Galaxy A51 5G (2020),Batteribytte - Pris,799kr
Samsung,Samsung Galaxy A41 (2020),Batteribytte - Pris,799kr
Samsung,Samsung Galaxy A Quantum (2020),Batteribytte - Pris,799kr
Samsung,Samsung Galaxy A21s (2020),Batteribytte - Pris,799kr
Samsung,Samsung Galaxy A21 (2020),Batteribytte - Pris,799kr
Samsung,Samsung Galaxy A01 Core (2020),Batteribytte - Pris,799kr
Samsung,Samsung Galaxy A71 5G UW),Batteribytte - Pris,799kr
Samsung,Samsung Galaxy A51 5G UW),Batteribytte - Pris,799kr
Samsung,Samsung Galaxy A42 5G (2020),Batteribytte - Pris,799kr
Samsung,Samsung Galaxy A12 (2020),Batteribytte - Pris,799kr
Samsung,Samsung Galaxy A02s (2021),Batteribytte - Pris,799kr
Samsung,Samsung Galaxy A02 (2021),Batteribytte - Pris,799kr
Samsung,Samsung Galaxy A32 (2021),Batteribytte - Pris,799kr
Samsung,Samsung Galaxy A52 (2021),Batteribytte - Pris,799kr
Samsung,Samsung Galaxy A72 (2021),Batteribytte - Pris,799kr
Samsung,Samsung Galaxy J7 V (2017),Batteribytte - Pris,799kr
Samsung,Samsung Galaxy J5 (2017),Batteribytte - Pris,799kr
Samsung,Samsung Galaxy J7 Max (2017),Batteribytte - Pris,799kr
Samsung,Samsung Galaxy J7 (2017),Batteribytte - Pris,799kr
Samsung,Samsung Galaxy J7 Pro (2017),Batteribytte - Pris,799kr
Samsung,Samsung Galaxy J3 (2017),Batteribytte - Pris,799kr
Samsung,Samsung Galaxy J2 (2017),Batteribytte - Pris,799kr
Samsung,Samsung Galaxy J2 Pro (2018),Batteribytte - Pris,799kr
Samsung,Samsung Galaxy J7 Prime 2 (2018),Batteribytte - Pris,799kr
Samsung,Samsung Galaxy J7 Duo (2018),Batteribytte - Pris,799kr
Samsung,Samsung Galaxy J4 (2018),Batteribytte - Pris,799kr
Samsung,Samsung Galaxy J6 (2018),Batteribytte - Pris,799kr
Samsung,Samsung Galaxy J3 (2018),Batteribytte - Pris,799kr
Samsung,Samsung Galaxy J8 (2018),Batteribytte - Pris,799kr
Samsung,Samsung Galaxy J7 (2018),Batteribytte - Pris,799kr
Samsung,Samsung Galaxy J2 Core (2018),Batteribytte - Pris,799kr
Samsung,Samsung Galaxy J4+ (2018),Batteribytte - Pris,799kr
Samsung,Samsung Galaxy J6+ (2018),Batteribytte - Pris,799kr
Samsung,Samsung Galaxy J4 Core (2018),Batteribytte - Pris,799kr
Samsung,Samsung Galaxy J2 Core (2020),Batteribytte - Pris,799kr
Samsung,Samsung Galaxy Xcover 3 (2015),Batteribytte - Pris,799kr
Samsung,Samsung Galaxy Xcover 3 G389F (2016),Batteribytte - Pris,799kr
Samsung,Samsung Galaxy Xcover 4 (2017),Batteribytte - Pris,799kr
Samsung,Samsung Galaxy Xcover 4s (2019),Batteribytte - Pris,799kr
Samsung,Samsung Galaxy Xcover Pro (2020),Batteribytte - Pris,799kr
Samsung,Samsung Galaxy Xcover FieldPro (2020),Batteribytte - Pris,799kr
Samsung,Samsung Galaxy Xcover 5 (2021),Batteribytte - Pris,799kr
Samsung,Samsung Galaxy Fold (2019),Batteribytte - Pris,2999kr
Samsung,Samsung Galaxy Fold 5G (2019),Batteribytte - Pris,2999kr
Samsung,Samsung Galaxy Z Fold2 5G (2020),Batteribytte - Pris,2999kr
Samsung,Samsung Galaxy Tab S3 9.7 (2017),Batteribytte - Pris,1199kr
Samsung,Samsung Galaxy Tab A 8.0 (2017),Batteribytte - Pris,1199kr
Samsung,Samsung Galaxy Tab Active 2 (2017),Batteribytte - Pris,1199kr
Samsung,Samsung Galaxy Tab A 10.5 (2018),Batteribytte - Pris,1199kr
Samsung,Samsung Galaxy Tab S4 10.5 (2018),Batteribytte - Pris,1199kr
Samsung,Samsung Galaxy Tab A 8.0 (2018),Batteribytte - Pris,1199kr
Samsung,Samsung Galaxy Tab Advanced2 (2018),Batteribytte - Pris,1199kr
Samsung,Samsung Galaxy Tab A 10.1 (2019),Batteribytte - Pris,1399kr
Samsung,Samsung Galaxy Tab S5e (2019),Batteribytte - Pris,1399kr
Samsung,Samsung Galaxy Tab A 8.0 (2019),Batteribytte - Pris,1399kr
Samsung,Samsung Galaxy Tab S6 (2019),Batteribytte - Pris,1399kr
Samsung,Samsung Galaxy Tab Active Pro (2019),Batteribytte - Pris,1399kr
Samsung,Samsung Galaxy Tab S6 5G (2020),Batteribytte - Pris,1499kr
Samsung,Samsung Galaxy Tab A 8.4 (2020),Batteribytte - Pris,1499kr
Samsung,Samsung Galaxy Tab S6 Lite (2020),Batteribytte - Pris,1499kr
Samsung,Samsung Galaxy Tab S7 (2020),Batteribytte - Pris,1499kr
Samsung,Samsung Galaxy Tab S7+ (2020),Batteribytte - Pris,1499kr
Samsung,Samsung Galaxy Tab A7 10.4 (2020),Batteribytte - Pris,1499kr
Samsung,Samsung Galaxy Tab Active3 (2020),Batteribytte - Pris,1499kr
Samsung,Samsung Galaxy S7 Edge,Bakglass - Pris,895kr
Samsung,Samsung Galaxy S7,Bakglass - Pris,895kr
Samsung,Samsung Galaxy S8+,Bakglass - Pris,899kr
Samsung,Samsung Galaxy S8,Bakglass - Pris,899kr
Samsung,Samsung Galaxy S8 Active,Bakglass - Pris,699kr
Samsung,Samsung Galaxy S9,Bakglass - Pris,899kr
Samsung,Samsung Galaxy S9+,Bakglass - Pris,899kr
Samsung,Samsung Galaxy S10,Bakglass - Pris,999kr
Samsung,Samsung Galaxy S10+,Bakglass - Pris,999kr
Samsung,Samsung Galaxy S10e,Bakglass - Pris,999kr
Samsung,Samsung Galaxy S10 5G,Bakglass - Pris,999kr
Samsung,Samsung Galaxy S20,Bakglass - Pris,1099kr
Samsung,Samsung Galaxy S20+,Bakglass - Pris,1099kr
Samsung,Samsung Galaxy S20 Ultra,Bakglass - Pris,1099kr
Samsung,Samsung Galaxy S20 FE,Bakglass - Pris,1099kr
Samsung,Samsung Galaxy S21,Bakglass - Pris,1099kr
Samsung,Samsung Galaxy S21+,Bakglass - Pris,1099kr
Samsung,Samsung Galaxy S21 Ultra,Bakglass - Pris,1099kr
Samsung,Samsung Galaxy Note8,Bakglass - Pris,899kr
Samsung,Samsung Galaxy Note9,Bakglass - Pris,899kr
Samsung,Samsung Galaxy Note10,Bakglass - Pris,999kr
Samsung,Samsung Galaxy Note10+,Bakglass - Pris,999kr
Samsung,Samsung Galaxy Note10 Lite,Bakglass - Pris,999kr
Samsung,Samsung Galaxy Note20,Bakglass - Pris,1099kr
Samsung,Samsung Galaxy Note20 Ultra,Bakglass - Pris,1099kr
Samsung,Samsung Galaxy A3 (2016),Bakglass - Pris,599kr
Samsung,Samsung Galaxy A5 (2016),Bakglass - Pris,599kr
Samsung,Samsung Galaxy A7 (2016),Bakglass - Pris,599kr
Samsung,Samsung Galaxy A9 (2016),Bakglass - Pris,599kr
Samsung,Samsung Galaxy A9 Pro (2016),Bakglass - Pris,599kr
Samsung,Samsung Galaxy A8 (2016),Bakglass - Pris,599kr
Samsung,Samsung Galaxy A3 (2017),Bakglass - Pris,699kr
Samsung,Samsung Galaxy A5 (2017),Bakglass - Pris,699kr
Samsung,Samsung Galaxy A7 (2017),Bakglass - Pris,699kr
Samsung,Samsung Galaxy A6 (2018),Bakglass - Pris,699kr
Samsung,Samsung Galaxy A6+ (2018),Bakglass - Pris,699kr
Samsung,Samsung Galaxy A8 Star (A9 Star),Bakglass - Pris,699kr
Samsung,Samsung Galaxy A7 (2018),Bakglass - Pris,699kr
Samsung,Samsung Galaxy A9 (2018),Bakglass - Pris,699kr
Samsung,Samsung Galaxy A6s (2018),Bakglass - Pris,699kr
Samsung,Samsung Galaxy A8s (2018),Bakglass - Pris,699kr
Samsung,Samsung Galaxy A10 (2019),Bakglass - Pris,699kr
Samsung,Samsung Galaxy A20 (2019),Bakglass - Pris,699kr
Samsung,Samsung Galaxy A20e (2019),Bakglass - Pris,699kr
Samsung,Samsung Galaxy A30 (2019),Bakglass - Pris,699kr
Samsung,Samsung Galaxy A40 (2019),Bakglass - Pris,699kr
Samsung,Samsung Galaxy A50 (2019),Bakglass - Pris,699kr
Samsung,Samsung Galaxy A60 (2019),Bakglass - Pris,699kr
Samsung,Samsung Galaxy A70 (2019),Bakglass - Pris,699kr
Samsung,Samsung Galaxy A2 Core (2019),Bakglass - Pris,699kr
Samsung,Samsung Galaxy A80 (2019),Bakglass - Pris,699kr
Samsung,Samsung Galaxy A10e (2019),Bakglass - Pris,699kr
Samsung,Samsung Galaxy A10s (2019),Bakglass - Pris,699kr
Samsung,Samsung Galaxy A50s (2019),Bakglass - Pris,699kr
Samsung,Samsung Galaxy A30s (2019),Bakglass - Pris,699kr
Samsung,Samsung Galaxy A90 5G (2019),Bakglass - Pris,699kr
Samsung,Samsung Galaxy A70s (2019),Bakglass - Pris,699kr
Samsung,Samsung Galaxy A20s (2019),Bakglass - Pris,699kr
Samsung,Samsung Galaxy A51 (2019),Bakglass - Pris,699kr
Samsung,Samsung Galaxy A71 (2020),Bakglass - Pris,699kr
Samsung,Samsung Galaxy A01 (2020),Bakglass - Pris,699kr
Samsung,Samsung Galaxy A31 (2020),Bakglass - Pris,699kr
Samsung,Samsung Galaxy A51 5G (2020),Bakglass - Pris,699kr
Samsung,Samsung Galaxy A41 (2020),Bakglass - Pris,699kr
Samsung,Samsung Galaxy A Quantum (2020),Bakglass - Pris,699kr
Samsung,Samsung Galaxy A21s (2020),Bakglass - Pris,699kr
Samsung,Samsung Galaxy A21 (2020),Bakglass - Pris,699kr
Samsung,Samsung Galaxy A01 Core (2020),Bakglass - Pris,699kr
Samsung,Samsung Galaxy A71 5G UW),Bakglass - Pris,699kr
Samsung,Samsung Galaxy A51 5G UW),Bakglass - Pris,699kr
Samsung,Samsung Galaxy A42 5G (2020),Bakglass - Pris,699kr
Samsung,Samsung Galaxy A12 (2020),Bakglass - Pris,699kr
Samsung,Samsung Galaxy A02s (2021),Bakglass - Pris,699kr
Samsung,Samsung Galaxy A02 (2021),Bakglass - Pris,699kr
Samsung,Samsung Galaxy A32 (2021),Bakglass - Pris,699kr
Samsung,Samsung Galaxy A52 (2021),Bakglass - Pris,699kr
Samsung,Samsung Galaxy A72 (2021),Bakglass - Pris,699kr
Samsung,Samsung Galaxy J7 V (2017),Bakglass - Pris,699kr
Samsung,Samsung Galaxy J5 (2017),Bakglass - Pris,699kr
Samsung,Samsung Galaxy J7 Max (2017),Bakglass - Pris,699kr
Samsung,Samsung Galaxy J7 (2017),Bakglass - Pris,699kr
Samsung,Samsung Galaxy J7 Pro (2017),Bakglass - Pris,699kr
Samsung,Samsung Galaxy J3 (2017),Bakglass - Pris,699kr
Samsung,Samsung Galaxy J2 (2017),Bakglass - Pris,699kr
Samsung,Samsung Galaxy J2 Pro (2018),Bakglass - Pris,699kr
Samsung,Samsung Galaxy J7 Prime 2 (2018),Bakglass - Pris,699kr
Samsung,Samsung Galaxy J7 Duo (2018),Bakglass - Pris,699kr
Samsung,Samsung Galaxy J4 (2018),Bakglass - Pris,699kr
Samsung,Samsung Galaxy J6 (2018),Bakglass - Pris,699kr
Samsung,Samsung Galaxy J3 (2018),Bakglass - Pris,699kr
Samsung,Samsung Galaxy J8 (2018),Bakglass - Pris,699kr
Samsung,Samsung Galaxy J7 (2018),Bakglass - Pris,699kr
Samsung,Samsung Galaxy J2 Core (2018),Bakglass - Pris,699kr
Samsung,Samsung Galaxy J4+ (2018),Bakglass - Pris,699kr
Samsung,Samsung Galaxy J6+ (2018),Bakglass - Pris,699kr
Samsung,Samsung Galaxy J4 Core (2018),Bakglass - Pris,699kr
Samsung,Samsung Galaxy J2 Core (2020),Bakglass - Pris,699kr
Samsung,Samsung Galaxy Xcover 3 (2015),Bakglass - Pris,499kr
Samsung,Samsung Galaxy Xcover 3 G389F (2016),Bakglass - Pris,499kr
Samsung,Samsung Galaxy Xcover 4 (2017),Bakglass - Pris,499kr
Samsung,Samsung Galaxy Xcover 4s (2019),Bakglass - Pris,499kr
Samsung,Samsung Galaxy Xcover Pro (2020),Bakglass - Pris,499kr
Samsung,Samsung Galaxy Xcover FieldPro (2020),Bakglass - Pris,499kr
Samsung,Samsung Galaxy Xcover 5 (2021),Bakglass - Pris,599kr
Samsung,Samsung Galaxy Fold (2019),Bakglass - Pris,899kr
Samsung,Samsung Galaxy Fold 5G (2019),Bakglass - Pris,999kr
Samsung,Samsung Galaxy Z Fold2/3 5G,Bakglass - Pris,1299kr
Samsung,Samsung Galaxy Tab A 8.0 (2017),Bakglass - Pris,899kr
Samsung,Samsung Galaxy Tab Active 2 (2017),Bakglass - Pris,899kr
Samsung,Samsung Galaxy Tab A 10.5 (2018),Bakglass - Pris,899kr
Samsung,Samsung Galaxy Tab S4 10.5 (2018),Bakglass - Pris,899kr
Samsung,Samsung Galaxy Tab A 8.0 (2018),Bakglass - Pris,899kr
Samsung,Samsung Galaxy Tab Advanced2 (2018),Bakglass - Pris,899kr
Samsung,Samsung Galaxy Tab A 10.1 (2019),Bakglass - Pris,899kr
Samsung,Samsung Galaxy Tab S5e (2019),Bakglass - Pris,899kr
Samsung,Samsung Galaxy Tab A 8.0 (2019),Bakglass - Pris,899kr
Samsung,Samsung Galaxy Tab S6 (2019),Bakglass - Pris,899kr
Samsung,Samsung Galaxy Tab Active Pro (2019),Bakglass - Pris,899kr
Samsung,Samsung Galaxy Tab S6 5G (2020),Bakglass - Pris,899kr
Samsung,Samsung Galaxy Tab A 8.4 (2020),Bakglass - Pris,899kr
Samsung,Samsung Galaxy Tab S6 Lite (2020),Bakglass - Pris,899kr
Samsung,Samsung Galaxy Tab S7 (2020),Bakglass - Pris,899kr
Samsung,Samsung Galaxy Tab S7+ (2020),Bakglass - Pris,899kr
Samsung,Samsung Galaxy Tab A7 10.4 (2020),Bakglass - Pris,899kr
Samsung,Samsung Galaxy Tab Active3 (2020),Bakglass - Pris,899kr
Huawei,Huawei P10 (2017),Skjermbytte - Pris,1299kr
Huawei,Huawei P10 Plus (2017),Skjermbytte - Pris,1899kr
Huawei,Huawei P10 Lite (2017),Skjermbytte - Pris,1099kr
Huawei,Huawei P Smart (2017),Skjermbytte - Pris,999kr
Huawei,Huawei P Smart Pro (2018),Skjermbytte - Pris,1299kr
Huawei,Huawei P20 (2018),Skjermbytte - Pris,1599kr
Huawei,Huawei P20 Pro (2018),Skjermbytte - Pris,2999kr
Huawei,Huawei P20 Lite,Skjermbytte - Pris,1499kr
Huawei,Huawei P Smart +,Skjermbytte - Pris,1599kr
Huawei,Huawei P Smart (2019),Skjermbytte - Pris,1599kr
Huawei,Huawei P Smart Z (2019),Skjermbytte - Pris,1599kr
Huawei,Huawei P30 (2019),Skjermbytte - Pris,1999kr
Huawei,Huawei P30 Pro (2019),Skjermbytte - Pris,2899kr
Huawei,Huawei P30 Lite (2019),Skjermbytte - Pris,1599kr
Huawei,Huawei P Smart (2020),Skjermbytte - Pris,1499kr
Huawei,Huawei P Smart S (2020),Skjermbytte - Pris,1399kr
Huawei,Huawei P40 (2020),Skjermbytte - Pris,2399kr
Huawei,Huawei P40 Lite (2020),Skjermbytte - Pris,1699kr
Huawei,Huawei P40 Lite E (2020),Skjermbytte - Pris,1699kr
Huawei,Huawei P40 Pro (2020),Skjermbytte - Pris,3999kr
Huawei,Huawei P40 Pro+ (2020),Skjermbytte - Pris,4699kr
Huawei,Huawei P40 Lite 5G (2020),Skjermbytte - Pris,1699kr
Huawei,Huawei P40 4G (2021),Skjermbytte - Pris,2399kr
Huawei,Huawei P Smart 2021 (2020),Skjermbytte - Pris,1599kr
Huawei,Huawei Honor 8 (2016)[18],Skjermbytte - Pris,1099kr
Huawei,Huawei Honor 8 Lite (2017),Skjermbytte - Pris,699kr
Huawei,Huawei Honor V8 (2016),Skjermbytte - Pris,1099kr
Huawei,Huawei Honor 8 Pro,Skjermbytte - Pris,1299kr
Huawei,Huawei Honor 9 (2017),Skjermbytte - Pris,899kr
Huawei,Huawei Honor 9 Lite (2017),Skjermbytte - Pris,699kr
Huawei,Huawei Honor 9i,Skjermbytte - Pris,899kr
Huawei,Huawei Honor View 10 (2017),Skjermbytte - Pris,1399kr
Huawei,Huawei Honor View 20 (2018),Skjermbytte - Pris,1499kr
Huawei,Huawei Honor View 30 (2019),Skjermbytte - Pris,899kr
Huawei,Huawei Honor View 30 Pro (2019),Skjermbytte - Pris,1099kr
Huawei,Huawei Honor 10 (2018),Skjermbytte - Pris,1399kr
Huawei,Huawei Honor 10 GT (2018),Skjermbytte - Pris,1399kr
Huawei,Huawei Honor 10 Lite (2018),Skjermbytte - Pris,7990kr
Huawei,Huawei Honor 20 (2019),Skjermbytte - Pris,1499kr
Huawei,Huawei Honor 20 Pro (2019),Skjermbytte - Pris,1599kr
Huawei,Huawei Honor 20 Lite (2019),Skjermbytte - Pris,1199kr
Huawei,Huawei Honor 30 (2020),Skjermbytte - Pris,1099kr
Huawei,Huawei Honor 30 Pro (2020),Skjermbytte - Pris,2599kr
Huawei,Huawei Honor 30 Pro+ (2020),Skjermbytte - Pris,2899kr
Huawei,Huawei Honor 30S (2020),Skjermbytte - Pris,1399kr
Huawei,Huawei Honor 30 Lite (2020),Skjermbytte - Pris,999kr
Huawei,Huawei Honor 30i (2020),Skjermbytte - Pris,999kr
Huawei,Huawei Honor Play (2018),Skjermbytte - Pris,1499kr
Huawei,Huawei Honor Play 3 (2019),Skjermbytte - Pris,999kr
Huawei,Huawei Honor Play 3e (2019),Skjermbytte - Pris,899kr
Huawei,Huawei Honor Play 4 (2020),Skjermbytte - Pris,1099kr
Huawei,Huawei Honor Play 4 Pro (2020),Skjermbytte - Pris,1599kr
Huawei,Huawei Honor Play 4T (2020),Skjermbytte - Pris,899kr
Huawei,Huawei Honor Play 4T Pro (2020),Skjermbytte - Pris,1099kr
Huawei,Huawei Honor Note 10 (2018),Skjermbytte - Pris,2099kr
Huawei,Huawei Honor 8X (2018),Skjermbytte - Pris,999kr
Huawei,Huawei Honor 8X Max (2018),Skjermbytte - Pris,1399kr
Huawei,Huawei Honor 8C (2018),Skjermbytte - Pris,899kr
Huawei,Huawei Honor Magic (2016),Skjermbytte - Pris,1399kr
Huawei,Huawei Honor Magic 2 (2018),Skjermbytte - Pris,2499kr
Huawei,Huawei Honor 8A (2019),Skjermbytte - Pris,899kr
Huawei,Huawei Honor X10 (2020),Skjermbytte - Pris,1899kr
Huawei,Huawei Honor X10 Max (2020),Skjermbytte - Pris,1099kr
Huawei,Huawei Honor 10X Lite (2020),Skjermbytte - Pris,899kr
Huawei,Huawei Honor V40 (2021),Skjermbytte - Pris,2499kr
Huawei,Huawei Mate 8 (2015),Skjermbytte - Pris,899kr
Huawei,Huawei Mate 9 (2016),Skjermbytte - Pris,999kr
Huawei,Huawei Mate 9 Lite,Skjermbytte - Pris,799kr
Huawei,Huawei Mate 9 Pro (2016),Skjermbytte - Pris,1599kr
Huawei,Huawei Porsche Design Mate 9,Skjermbytte - Pris,1699kr
Huawei,Huawei Mate 10 (2017),Skjermbytte - Pris,1799kr
Huawei,Huawei Mate 10 Pro (2017),Skjermbytte - Pris,2399kr
Huawei,Huawei Mate 10 Lite,Skjermbytte - Pris,999kr
Huawei,Huawei Mate 20 (2018),Skjermbytte - Pris,2199kr
Huawei,Huawei Mate 20 Pro (2018),Skjermbytte - Pris,2999kr
Huawei,Huawei Mate 20 Lite (2018),Skjermbytte - Pris,1299kr
Huawei,Huawei Mate 20 X (2018),Skjermbytte - Pris,3799kr
Huawei,Huawei Mate 20 Porsche RS (2018),Skjermbytte - Pris,2199kr
Huawei,Huawei Mate X (2019),Skjermbytte - Pris,1799kr
Huawei,Huawei Mate 30 (2019),Skjermbytte - Pris,3399kr
Huawei,Huawei Mate 30 Pro (2019),Skjermbytte - Pris,4399kr
Huawei,Huawei Mate 30 (5G) (2019),Skjermbytte - Pris,4399kr
Huawei,Huawei Mate 30 Pro (5G) (2019),Skjermbytte - Pris,4399kr
Huawei,Huawei Nova 5T,Skjermbytte - Pris,1999kr
Huawei,Huawei Nova 3,Skjermbytte - Pris,1099kr
Huawei,Huawei P9 (2016),Andre tjenester - Bakglass Lense,699kr
Huawei,Huawei P9 (2016),Andre tjenester - Batteri,499kr
Huawei,Huawei P9 Lite (Huawei G9) (2016),Andre tjenester - Bakglass Lense,699kr
Huawei,Huawei P9 Lite (Huawei G9) (2016),Andre tjenester - Batteri,499kr
Huawei,Huawei P9 Lite Mini (2017),Andre tjenester - Bakglass Lense,499kr
Huawei,Huawei P9 Lite Mini (2017),Andre tjenester - Batteri,399kr
Huawei,Huawei P9 Plus (2016),Andre tjenester - Bakglass Lense,699kr
Huawei,Huawei P9 Plus (2016),Andre tjenester - Batteri,499kr
Huawei,Huawei P10 (2017),Andre tjenester - Bakglass Lense,699kr
Huawei,Huawei P10 (2017),Andre tjenester - Batteri,499kr
Huawei,Huawei P10 Plus (2017),Andre tjenester - Bakglass Lense,699kr
Huawei,Huawei P10 Plus (2017),Andre tjenester - Batteri,499kr
Huawei,Huawei P Smart (2017),Andre tjenester - Bakglass Lense,699kr
Huawei,Huawei P Smart (2017),Andre tjenester - Batteri,499kr
Huawei,Huawei P Smart Pro (2018),Andre tjenester - Bakglass Lense,699kr
Huawei,Huawei P Smart Pro (2018),Andre tjenester - Batteri,499kr
Huawei,Huawei P20 (2018),Andre tjenester - Bakglass Lense,999kr
Huawei,Huawei P20 (2018),Andre tjenester - Batteri,499kr
Huawei,Huawei P20 Pro (2018),Andre tjenester - Bakglass Lense,999kr
Huawei,Huawei P20 Pro (2018),Andre tjenester - Batteri,499kr
Huawei,Huawei P20 Lite,Andre tjenester - Bakglass Lense,999kr
Huawei,Huawei P20 Lite,Andre tjenester - Batteri,499kr
Huawei,Huawei P Smart +,Andre tjenester - Bakglass Lense,699kr
Huawei,Huawei P Smart +,Andre tjenester - Batteri,499kr
Huawei,Huawei P Smart (2019),Andre tjenester - Bakglass Lense,699kr
Huawei,Huawei P Smart (2019),Andre tjenester - Batteri,499kr
Huawei,Huawei P Smart Z (2019),Andre tjenester - Bakglass Lense,699kr
Huawei,Huawei P Smart Z (2019),Andre tjenester - Batteri,499kr
Huawei,Huawei P30 (2019),Andre tjenester - Bakglass Lense,999kr
Huawei,Huawei P30 (2019),Andre tjenester - Batteri,499kr
Huawei,Huawei P30 Pro (2019),Andre tjenester - Bakglass Lense,999kr
Huawei,Huawei P30 Pro (2019),Andre tjenester - Batteri,799kr
Huawei,Huawei P30 Lite (2019),Andre tjenester - Bakglass Lense,999kr
Huawei,Huawei P30 Lite (2019),Andre tjenester - Batteri,499kr
Huawei,Huawei P30 New Edition (2020),Andre tjenester - Bakglass Lense,999kr
Huawei,Huawei P30 New Edition (2020),Andre tjenester - Batteri,499kr
Huawei,Huawei P30 Lite New Edition (2020),Andre tjenester - Bakglass Lense,999kr
Huawei,Huawei P30 Lite New Edition (2020),Andre tjenester - Batteri,499kr
Huawei,Huawei P Smart (2020),Andre tjenester - Bakglass Lense,699kr
Huawei,Huawei P Smart (2020),Andre tjenester - Batteri,499kr
Huawei,Huawei P Smart S (2020),Andre tjenester - Bakglass Lense,699kr
Huawei,Huawei P Smart S (2020),Andre tjenester - Batteri,499kr
Huawei,Huawei P40 (2020),Andre tjenester - Bakglass Lense,999kr
Huawei,Huawei P40 (2020),Andre tjenester - Batteri,899kr
Huawei,Huawei P40 Lite (2020),Andre tjenester - Bakglass Lense,999kr
Huawei,Huawei P40 Lite (2020),Andre tjenester - Batteri,599kr
Huawei,Huawei P40 Lite E (2020),Andre tjenester - Bakglass Lense,999kr
Huawei,Huawei P40 Lite E (2020),Andre tjenester - Batteri,499kr
Huawei,Huawei P40 Pro (2020),Andre tjenester - Bakglass Lense,999kr
Huawei,Huawei P40 Pro (2020),Andre tjenester - Batteri,999kr
Huawei,Huawei P40 Pro+ (2020),Andre tjenester - Bakglass Lense,999kr
Huawei,Huawei P40 Pro+ (2020),Andre tjenester - Batteri,999kr
Huawei,Huawei P40 Lite 5G (2020),Andre tjenester - Bakglass Lense,999kr
Huawei,Huawei P40 Lite 5G (2020),Andre tjenester - Batteri,499kr
Huawei,Huawei P40 4G (2021),Andre tjenester - Bakglass Lense,999kr
Huawei,Huawei P40 4G (2021),Andre tjenester - Batteri,899kr
Huawei,Huawei P Smart 2021 (2020),Andre tjenester - Bakglass Lense,699kr
Huawei,Huawei P Smart 2021 (2020),Andre tjenester - Batteri,499kr
Huawei,Huawei Honor 8 (2016)[18],Andre tjenester - Bakglass Lense,699kr
Huawei,Huawei Honor 8 (2016)[18],Andre tjenester - Batteri,499kr
Huawei,Huawei Honor 8 Lite (2017),Andre tjenester - Bakglass Lense,699kr
Huawei,Huawei Honor 8 Lite (2017),Andre tjenester - Batteri,499kr
Huawei,Huawei Honor V8 (2016),Andre tjenester - Bakglass Lense,699kr
Huawei,Huawei Honor V8 (2016),Andre tjenester - Batteri,499kr
Huawei,Huawei Honor 8 Pro,Andre tjenester - Bakglass Lense,699kr
Huawei,Huawei Honor 8 Pro,Andre tjenester - Batteri,499kr
Huawei,Huawei Honor 9 (2017),Andre tjenester - Bakglass Lense,699kr
Huawei,Huawei Honor 9 (2017),Andre tjenester - Batteri,499kr
Huawei,Huawei Honor 9 Lite (2017),Andre tjenester - Bakglass Lense,699kr
Huawei,Huawei Honor 9 Lite (2017),Andre tjenester - Batteri,499kr
Huawei,Huawei Honor 9i,Andre tjenester - Bakglass Lense,699kr
Huawei,Huawei Honor 9i,Andre tjenester - Batteri,499kr
Huawei,Huawei Honor View 10 (2017),Andre tjenester - Bakglass Lense,699kr
Huawei,Huawei Honor View 10 (2017),Andre tjenester - Batteri,499kr
Huawei,Huawei Honor View 20 (2018),Andre tjenester - Bakglass Lense,699kr
Huawei,Huawei Honor View 20 (2018),Andre tjenester - Batteri,499kr
Huawei,Huawei Honor View 30 (2019),Andre tjenester - Bakglass Lense,699kr
Huawei,Huawei Honor View 30 (2019),Andre tjenester - Batteri,499kr
Huawei,Huawei Honor View 30 Pro (2019),Andre tjenester - Bakglass Lense,799kr
Huawei,Huawei Honor View 30 Pro (2019),Andre tjenester - Batteri,499kr
Huawei,Huawei Honor 10 (2018),Andre tjenester - Bakglass Lense,699kr
Huawei,Huawei Honor 10 (2018),Andre tjenester - Batteri,499kr
Huawei,Huawei Honor 10 GT (2018),Andre tjenester - Bakglass Lense,699kr
Huawei,Huawei Honor 10 GT (2018),Andre tjenester - Batteri,499kr
Huawei,Huawei Honor 10 Lite (2018),Andre tjenester - Bakglass Lense,699kr
Huawei,Huawei Honor 10 Lite (2018),Andre tjenester - Batteri,499kr
Huawei,Huawei Honor 20 (2019),Andre tjenester - Bakglass Lense,699kr
Huawei,Huawei Honor 20 (2019),Andre tjenester - Batteri,499kr
Huawei,Huawei Honor 20 Pro (2019),Andre tjenester - Bakglass Lense,699kr
Huawei,Huawei Honor 20 Pro (2019),Andre tjenester - Batteri,499kr
Huawei,Huawei Honor 20 Lite (2019),Andre tjenester - Bakglass Lense,699kr
Huawei,Huawei Honor 20 Lite (2019),Andre tjenester - Batteri,499kr
Huawei,Huawei Honor 30 (2020),Andre tjenester - Bakglass Lense,699kr
Huawei,Huawei Honor 30 (2020),Andre tjenester - Batteri,699kr
Huawei,Huawei Honor 30 Pro (2020),Andre tjenester - Bakglass Lense,699kr
Huawei,Huawei Honor 30 Pro (2020),Andre tjenester - Batteri,699kr
Huawei,Huawei Honor 30 Pro+ (2020),Andre tjenester - Bakglass Lense,699kr
Huawei,Huawei Honor 30 Pro+ (2020),Andre tjenester - Batteri,699kr
Huawei,Huawei Honor 30S (2020),Andre tjenester - Bakglass Lense,699kr
Huawei,Huawei Honor 30S (2020),Andre tjenester - Batteri,699kr
Huawei,Huawei Honor 30 Lite (2020),Andre tjenester - Bakglass Lense,699kr
Huawei,Huawei Honor 30 Lite (2020),Andre tjenester - Batteri,699kr
Huawei,Huawei Honor 30i (2020),Andre tjenester - Bakglass Lense,699kr
Huawei,Huawei Honor 30i (2020),Andre tjenester - Batteri,499kr
Huawei,Huawei Honor Play (2018),Andre tjenester - Bakglass Lense,699kr
Huawei,Huawei Honor Play (2018),Andre tjenester - Batteri,499kr
Huawei,Huawei Honor Play 3 (2019),Andre tjenester - Bakglass Lense,699kr
Huawei,Huawei Honor Play 3 (2019),Andre tjenester - Batteri,499kr
Huawei,Huawei Honor Play 3e (2019),Andre tjenester - Bakglass Lense,699kr
Huawei,Huawei Honor Play 3e (2019),Andre tjenester - Batteri,499kr
Huawei,Huawei Honor Play 4 (2020),Andre tjenester - Bakglass Lense,699kr
Huawei,Huawei Honor Play 4 (2020),Andre tjenester - Batteri,499kr
Huawei,Huawei Honor Play 4 Pro (2020),Andre tjenester - Bakglass Lense,699kr
Huawei,Huawei Honor Play 4 Pro (2020),Andre tjenester - Batteri,499kr
Huawei,Huawei Honor Play 4T (2020),Andre tjenester - Bakglass Lense,699kr
Huawei,Huawei Honor Play 4T (2020),Andre tjenester - Batteri,499kr
Huawei,Huawei Honor Play 4T Pro (2020),Andre tjenester - Bakglass Lense,699kr
Huawei,Huawei Honor Play 4T Pro (2020),Andre tjenester - Batteri,499kr
Huawei,Huawei Honor Note 10 (2018),Andre tjenester - Bakglass Lense,699kr
Huawei,Huawei Honor Note 10 (2018),Andre tjenester - Batteri,499kr
Huawei,Huawei Honor 8X (2018),Andre tjenester - Bakglass Lense,699kr
Huawei,Huawei Honor 8X (2018),Andre tjenester - Batteri,499kr
Huawei,Huawei Honor 8X Max (2018),Andre tjenester - Bakglass Lense,699kr
Huawei,Huawei Honor 8X Max (2018),Andre tjenester - Batteri,499kr
Huawei,Huawei Honor 8C (2018),Andre tjenester - Bakglass Lense,699kr
Huawei,Huawei Honor 8C (2018),Andre tjenester - Batteri,499kr
Huawei,Huawei Honor Magic (2016),Andre tjenester - Bakglass Lense,699kr
Huawei,Huawei Honor Magic (2016),Andre tjenester - Batteri,499kr
Huawei,Huawei Honor Magic 2 (2018),Andre tjenester - Bakglass Lense,699kr
Huawei,Huawei Honor Magic 2 (2018),Andre tjenester - Batteri,499kr
Huawei,Huawei Honor 8A (2019),Andre tjenester - Bakglass Lense,699kr
Huawei,Huawei Honor 8A (2019),Andre tjenester - Batteri,499kr
Huawei,Huawei Honor X10 (2020),Andre tjenester - Bakglass Lense,699kr
Huawei,Huawei Honor X10 (2020),Andre tjenester - Batteri,499kr
Huawei,Huawei Honor X10 Max (2020),Andre tjenester - Bakglass Lense,699kr
Huawei,Huawei Honor X10 Max (2020),Andre tjenester - Batteri,499kr
Huawei,Huawei Honor 10X Lite (2020),Andre tjenester - Bakglass Lense,699kr
Huawei,Huawei Honor 10X Lite (2020),Andre tjenester - Batteri,499kr
Huawei,Huawei Honor V40 (2021),Andre tjenester - Bakglass Lense,699kr
Huawei,Huawei Honor V40 (2021),Andre tjenester - Batteri,499kr
Huawei,Huawei Mate 8 (2015),Andre tjenester - Bakglass Lense,699kr
Huawei,Huawei Mate 8 (2015),Andre tjenester - Batteri,499kr
Huawei,Huawei Mate 9 (2016),Andre tjenester - Bakglass Lense,699kr
Huawei,Huawei Mate 9 (2016),Andre tjenester - Batteri,499kr
Huawei,Huawei Mate 9 Lite,Andre tjenester - Bakglass Lense,699kr
Huawei,Huawei Mate 9 Lite,Andre tjenester - Batteri,499kr
Huawei,Huawei Mate 9 Pro (2016),Andre tjenester - Bakglass Lense,699kr
Huawei,Huawei Mate 9 Pro (2016),Andre tjenester - Batteri,499kr
Huawei,Huawei Porsche Design Mate 9,Andre tjenester - Bakglass Lense,699kr
Huawei,Huawei Porsche Design Mate 9,Andre tjenester - Batteri,499kr
Huawei,Huawei Mate 10 (2017),Andre tjenester - Bakglass Lense,699kr
Huawei,Huawei Mate 10 (2017),Andre tjenester - Batteri,499kr
Huawei,Huawei Mate 10 Pro (2017),Andre tjenester - Bakglass Lense,699kr
Huawei,Huawei Mate 10 Pro (2017),Andre tjenester - Batteri,499kr
Huawei,Huawei Mate 10 Lite,Andre tjenester - Bakglass Lense,699kr
Huawei,Huawei Mate 10 Lite,Andre tjenester - Batteri,499kr
Huawei,Huawei Porsche Design Mate 10 (2017) 699kr,Andre tjenester - Bakglass Lense,499kr
Huawei,Huawei Porsche Design Mate 10 (2017) 699kr,Andre tjenester - Batteri,699kr
Huawei,Huawei Porsche Design Mate RS (2018) 699kr,Andre tjenester - Bakglass Lense,499kr
Huawei,Huawei Porsche Design Mate RS (2018) 699kr,Andre tjenester - Batteri,699kr
Huawei,Huawei Mate 20 (2018),Andre tjenester - Bakglass Lense,999kr
Huawei,Huawei Mate 20 (2018),Andre tjenester - Batteri,699kr
Huawei,Huawei Mate 20 Pro (2018),Andre tjenester - Bakglass Lense,999kr
Huawei,Huawei Mate 20 Pro (2018),Andre tjenester - Batteri,699kr
Huawei,Huawei Mate 20 Lite (2018),Andre tjenester - Bakglass Lense,999kr
Huawei,Huawei Mate 20 Lite (2018),Andre tjenester - Batteri,499kr
Huawei,Huawei Mate 20 X (2018),Andre tjenester - Bakglass Lense,999kr
Huawei,Huawei Mate 20 X (2018),Andre tjenester - Batteri,899kr
Huawei,Huawei Mate 20 Porsche RS (2018),Andre tjenester - Bakglass Lense,999kr
Huawei,Huawei Mate 20 Porsche RS (2018),Andre tjenester - Batteri,899kr
Huawei,Huawei Mate 30 (2019),Andre tjenester - Bakglass Lense,999kr
Huawei,Huawei Mate 30 (2019),Andre tjenester - Batteri,799kr
Huawei,Huawei Mate 30 Pro (2019),Andre tjenester - Bakglass Lense,999kr
Huawei,Huawei Mate 30 Pro (2019),Andre tjenester - Batteri,799kr
Huawei,Huawei Mate 30 (5G) (2019),Andre tjenester - Bakglass Lense,699kr
Huawei,Huawei Mate 30 (5G) (2019),Andre tjenester - Batteri,799kr
Huawei,Huawei Mate 30 Pro (5G) (2019),Andre tjenester - Bakglass Lense,699kr
Huawei,Huawei Mate 30 Pro (5G) (2019),Andre tjenester - Batteri,799kr
Huawei,Huawei Mate 30E Pro 5G (2020),Andre tjenester - Bakglass Lense,699kr
Huawei,Huawei Mate 30E Pro 5G (2020),Andre tjenester - Batteri,799kr
Huawei,Huawei Mate 30 RS (2019),Andre tjenester - Bakglass Lense,699kr
Huawei,Huawei Mate 30 RS (2019),Andre tjenester - Batteri,799kr
Huawei,Huawei MatePad Pro (2019),Andre tjenester - Bakglass Lense,999kr
Huawei,Huawei MatePad Pro (2019),Andre tjenester - Batteri,799kr
Huawei,Huawei Mate 40 (2020),Andre tjenester - Bakglass Lense,999kr
Huawei,Huawei Mate 40 (2020),Andre tjenester - Batteri,899kr
Huawei,Huawei Mate 40 Pro (2020),Andre tjenester - Bakglass Lense,999kr
Huawei,Huawei Mate 40 Pro (2020),Andre tjenester - Batteri,999kr
Huawei,Huawei Mate 40 Pro+ (2020),Andre tjenester - Bakglass Lense,999kr
Huawei,Huawei Mate 40 Pro+ (2020),Andre tjenester - Batteri,999kr
Huawei,Huawei Mate 40 RS (2020),Andre tjenester - Bakglass Lense,999kr
Huawei,Huawei Mate 40 RS (2020),Andre tjenester - Batteri,999kr
Huawei,Huawei Mate 40E (2021),Andre tjenester - Bakglass Lense,999kr
Huawei,Huawei Mate 40E (2021),Andre tjenester - Batteri,999kr
Xiaomi,Xiaomi Redmi 6 Pro,Skjermbytte - Pris,2199kr
Xiaomi,Xiaomi Redmi Note 5 Pro,Skjermbytte - Pris,2499kr
Xiaomi,Xiaomi Mi 8,Skjermbytte - Pris,1999kr
Xiaomi,Xiaomi Redmi 5A,Skjermbytte - Pris,1799kr
Xiaomi,Xiaomi Mi 8,Skjermbytte - Pris,1899kr
Xiaomi,Xiaomi Mi A2 Mi 6X,Skjermbytte - Pris,1699kr
Xiaomi,Xiaomi Redmi 5,Skjermbytte - Pris,1599kr
Xiaomi,Xiaomi Mi A1,Skjermbytte - Pris,999kr
Xiaomi,Xiaomi Redmi S2 (Redmi Y2),Skjermbytte - Pris,999kr
Xiaomi,Xiaomi Andre modeller,Skjermbytte - Pris,Kontakt oss
Xiaomi,Xiaomi Redmi 6 Pro,Batteribytte - Pris,799kr
Xiaomi,Xiaomi Redmi Note 5 Pro,Batteribytte - Pris,799kr
Xiaomi,Xiaomi Mi 8,Batteribytte - Pris,799kr
Xiaomi,Xiaomi Redmi 5A,Batteribytte - Pris,799kr
Xiaomi,Xiaomi Mi A2 Mi 6X,Batteribytte - Pris,799kr
Xiaomi,Xiaomi Redmi 5,Batteribytte - Pris,799kr
Xiaomi,Xiaomi Mi A1,Batteribytte - Pris,799kr
Xiaomi,Xiaomi Redmi S2 (Redmi Y2),Batteribytte - Pris,799kr
Xiaomi,Xiaomi Andre modeller,Batteribytte - Pris,Kontakt oss
Xiaomi,Xiaomi Redmi 6 Pro,Batteribytte - Pris,449kr
Xiaomi,Xiaomi Redmi Note 5 Pro,Batteribytte - Pris,449kr
Xiaomi,Xiaomi Mi 8,Batteribytte - Pris,449kr
Xiaomi,Xiaomi Redmi 5A,Batteribytte - Pris,449kr
Xiaomi,Xiaomi Mi A2 Mi 6X,Batteribytte - Pris,449kr
Xiaomi,Xiaomi Redmi 5,Batteribytte - Pris,449kr
Xiaomi,Xiaomi Mi A1,Batteribytte - Pris,449kr
Xiaomi,Xiaomi Redmi S2 (Redmi Y2),Batteribytte - Pris,449kr
Xiaomi,Xiaomi Other Modells,Batteribytte - Pris,Kontakt oss
OnePlus,OnePlus 8T,Skjermbytte - Pris,3799kr
OnePlus,OnePlus 8 Pro,Skjermbytte - Pris,4799kr
OnePlus,OnePlus Nord,Skjermbytte - Pris,2399kr
OnePlus,OnePlus 7T Pro,Skjermbytte - Pris,4499kr
OnePlus,OnePlus 7T,Skjermbytte - Pris,4399kr
OnePlus,OnePlus 7 Pro,Skjermbytte - Pris,4499kr
OnePlus,OnePlus 7,Skjermbytte - Pris,4399kr
OnePlus,OnePlus 6T,Skjermbytte - Pris,2099kr
OnePlus,OnePlus 6,Skjermbytte - Pris,2099kr
OnePlus,OnePlus 5T,Skjermbytte - Pris,1599kr
OnePlus,OnePlus 5,Skjermbytte - Pris,1599kr
OnePlus,OnePlus 3T,Skjermbytte - Pris,1499kr
OnePlus,OnePlus 3T Hvit,Skjermbytte - Pris,1499kr
OnePlus,OnePlus 3 Svart,Skjermbytte - Pris,1399kr
OnePlus,OnePlus 3 Hvit,Skjermbytte - Pris,1399kr
OnePlus,OnePlus X Svart,Skjermbytte - Pris,1299kr
OnePlus,OnePlus Two,Skjermbytte - Pris,1199kr
OnePlus,OnePlus One,Skjermbytte - Pris,999kr
Nokia,Nokia Lumia 505,Skjermbytte - Pris,999kr
Nokia,Nokia Lumia 510,Skjermbytte - Pris,999kr
Nokia,Nokia Lumia 520,Skjermbytte - Pris,999kr
Nokia,Nokia Lumia 525,Skjermbytte - Pris,999kr
Nokia,Nokia Lumia 530,Skjermbytte - Pris,999kr
Nokia,Nokia Lumia 610,Skjermbytte - Pris,999kr
Nokia,Nokia Lumia 620,Skjermbytte - Pris,999kr
Nokia,Nokia Lumia 625,Skjermbytte - Pris,999kr
Nokia,Nokia Lumia 630,Skjermbytte - Pris,999kr
Nokia,Nokia Lumia 635,Skjermbytte - Pris,999kr
Nokia,Nokia Lumia 636,Skjermbytte - Pris,999kr
Nokia,Nokia Lumia 638,Skjermbytte - Pris,999kr
Nokia,Nokia Lumia 710,Skjermbytte - Pris,999kr
Nokia,Nokia Lumia 720,Skjermbytte - Pris,999kr
Nokia,Nokia Lumia 730,Skjermbytte - Pris,999kr
Nokia,Nokia Lumia 735,Skjermbytte - Pris,999kr
Nokia,Nokia Lumia 800,Skjermbytte - Pris,999kr
Nokia,Nokia Lumia 810,Skjermbytte - Pris,999kr
Nokia,Nokia Lumia 822,Skjermbytte - Pris,999kr
Nokia,Nokia Lumia 820,Skjermbytte - Pris,999kr
Nokia,Nokia Lumia 830,Skjermbytte - Pris,999kr
Nokia,Nokia Lumia 900,Skjermbytte - Pris,999kr
Nokia,Nokia Lumia 920,Skjermbytte - Pris,1299kr
Nokia,Nokia Lumia 925,Skjermbytte - Pris,1299kr
Nokia,Nokia Lumia 928,Skjermbytte - Pris,1299kr
Nokia,Nokia Lumia 930,Skjermbytte - Pris,1299kr
Nokia,Nokia 7+,Skjermbytte - Pris,1799kr
Nokia,"Nokia 3,2",Skjermbytte - Pris,1299kr
Motorola,Motorola Moto G4,Skjermbytte - Pris,1299kr
Motorola,Motorola Moto G5,Skjermbytte - Pris,1799kr
Motorola,Motorola Moto G6,Skjermbytte - Pris,1999kr
Motorola,Motorola Moto G7/G7 Plus,Skjermbytte - Pris,1399kr
Motorola,Motorola Moto G7 Play,Skjermbytte - Pris,1299kr
Motorola,Motorola Moto G7 Power,Skjermbytte - Pris,1499kr
Motorola,Motorola Moto G8,Skjermbytte - Pris,1499kr
Motorola,Motorola Moto X Play,Skjermbytte - Pris,1399kr
Motorola,Motorola Moto X Style,Skjermbytte - Pris,1099kr
Motorola,Motorola Moto Z,Skjermbytte - Pris,1199kr
Motorola,Motorola Moto Z Play,Skjermbytte - Pris,1099kr
Motorola,Motorola Moto Z2 Play,Skjermbytte - Pris,1299kr
Motorola,Motorola Moto Z3/Z3 Play,Skjermbytte - Pris,1399kr
Motorola,Motorola Moto OneVision,Skjermbytte - Pris,1399kr
Motorola,Motorola Moto Z2 Force,Skjermbytte - Pris,2499kr
Google,Google pixel,Skjermbytte - Pris,1299kr
Google,Google pixel 2,Skjermbytte - Pris,1499kr
Google,Google pixel 2 XL,Skjermbytte - Pris,1999kr
Google,Google pixel 3,Skjermbytte - Pris,2299kr
Google,Google pixel 3 XL,Skjermbytte - Pris,2599kr
Google,Google pixel 3a,Skjermbytte - Pris,1999kr
Google,Google pixel 4,Skjermbytte - Pris,1999kr
Google,Google pixel 4 XL,Skjermbytte - Pris,2299kr
Google,Google pixel 4a,Skjermbytte - Pris,2099kr
Google,Google pixel 5,Skjermbytte - Pris,3099kr
LG,LG G7,Skjermbytte - Pris,1699kr
LG,LG V30,Skjermbytte - Pris,1599kr
LG,LG Q6,Skjermbytte - Pris,1699kr
LG,LG Stylus 3,Skjermbytte - Pris,1499kr
LG,LG G6,Skjermbytte - Pris,1699kr
LG,LG K8 2017,Skjermbytte - Pris,1499kr
LG,LG K10 2017,Skjermbytte - Pris,1999kr
LG,LG K4 2017,Skjermbytte - Pris,1399kr
LG,LG G5 SE,Skjermbytte - Pris,1399kr
LG,LG X power,Skjermbytte - Pris,1199kr
LG,LG X Cam1299,Skjermbytte - Pris,1099kr
LG,LG X Screen,Skjermbytte - Pris,1999kr
LG,LG Stylus 2,Skjermbytte - Pris,1499kr
LG,LG G5,Skjermbytte - Pris,1599kr
LG,LG L4,Skjermbytte - Pris,1499kr
LG,LG K3,Skjermbytte - Pris,1499kr
LG,LG Nexus 5X,Skjermbytte - Pris,1399kr
LG,LG G2,Skjermbytte - Pris,1299kr
LG,LG G3,Skjermbytte - Pris,1399kr
LG,LG SPIRIT 4G,Skjermbytte - Pris,1499kr
LG,LG G4,Skjermbytte - Pris,1499kr
LG,LG G4c,Skjermbytte - Pris,1499kr
LG,LG Leon 4G,Skjermbytte - Pris,1499kr
LG,LG Joy,Skjermbytte - Pris,1399kr
LG,LG G Flex 2,Skjermbytte - Pris,1099kr
LG,LG G3 S,Skjermbytte - Pris,999kr
LG,LG L90 (D405),Skjermbytte - Pris,1899kr
LG,LG L70 (D320),Skjermbytte - Pris,1199kr
LG,LG Sporty,Skjermbytte - Pris,1099kr
LG,LG G7,Batteri - Pris,499kr
LG,LG V30,Batteri - Pris,499kr
LG,LG Q6,Batteri - Pris,499kr
LG,LG Stylus 3,Batteri - Pris,499kr
LG,LG G6,Batteri - Pris,499kr
LG,LG K8 2017,Batteri - Pris,499kr
LG,LG K10 2017,Batteri - Pris,499kr
LG,LG K4 2017,Batteri - Pris,499kr
LG,LG G5 SE,Batteri - Pris,499kr
LG,LG X power,Batteri - Pris,499kr
LG,LG X Cam1299,Batteri - Pris,499kr
LG,LG X Screen,Batteri - Pris,499kr
LG,LG Stylus 2,Batteri - Pris,499kr
LG,LG G5,Batteri - Pris,499kr
LG,LG L4,Batteri - Pris,499kr
LG,LG K3,Batteri - Pris,499kr
LG,LG Nexus 5X,Batteri - Pris,499kr
LG,LG G2,Batteri - Pris,499kr
LG,LG G3,Batteri - Pris,499kr
LG,LG SPIRIT 4G,Batteri - Pris,499kr
LG,LG G4,Batteri - Pris,499kr
LG,LG G4c,Batteri - Pris,499kr
LG,LG Leon 4G,Batteri - Pris,499kr
LG,LG Joy,Batteri - Pris,499kr
LG,LG G Flex 2,Batteri - Pris,499kr
LG,LG G3 S,Batteri - Pris,499kr
LG,LG L90 (D405),Batteri - Pris,499kr
LG,LG L70 (D320),Batteri - Pris,499kr
LG,LG Sporty,Batteri - Pris,499kr
HTC,HTC One M9,Skjermbytte - Pris,1999kr
HTC,HTC One M8,Skjermbytte - Pris,1899kr
HTC,HTC One M7,Skjermbytte - Pris,1799kr
HTC,HTC One A9,Skjermbytte - Pris,1999kr
HTC,HTC One,Skjermbytte - Pris,999kr
HTC,HTC 10,Skjermbytte - Pris,1599kr
HTC,HTC U11,Skjermbytte - Pris,1999kr
HTC,HTC U11+,Skjermbytte - Pris,2199kr
HTC,HTC U11 Eyes,Skjermbytte - Pris,2199kr
HTC,HTC Desire 12,Skjermbytte - Pris,2499kr
HTC,HTC Desire,Skjermbytte - Pris,899kr
HTC,HTC One M9,Batteri - Pris,1299kr
HTC,HTC One M8,Batteri - Pris,1299kr
HTC,HTC One M7,Batteri - Pris,1299kr
HTC,HTC One A9,Batteri - Pris,1299kr
HTC,HTC One,Batteri - Pris,999kr
HTC,HTC 10,Batteri - Pris,1099kr
HTC,HTC U11,Batteri - Pris,799kr
HTC,HTC U11+,Batteri - Pris,799kr
HTC,HTC U11 Eyes,Batteri - Pris,799kr
HTC,HTC Desire 12,Batteri - Pris,799kr
HTC,HTC Desire,Batteri - Pris,799kr
Doro,Doro 8040,Skjermbytte - Pris,999kr
Doro,Doro 1362,Skjermbytte - Pris,999kr
Doro,Doro 8035,Skjermbytte - Pris,999kr
Doro,Doro 7070,Skjermbytte - Pris,999kr
Doro,Doro 8030,Skjermbytte - Pris,999kr
Doro,Doro 8040,Batteribytte - Pris,599kr
Doro,Doro 1362,Batteribytte - Pris,599kr
Doro,Doro 8035,Batteribytte - Pris,699kr
Doro,Doro 7070,Batteribytte - Pris,699kr
Doro,Doro 8030,Batteribytte - Pris,799kr
Doro,Doro 8040,Bakside erstatning - Pris,499kr
Doro,Doro 1362,Bakside erstatning - Pris,499kr
Doro,Doro 8035,Bakside erstatning - Pris,499kr
Doro,Doro 7070,Bakside erstatning - Pris,499kr
Doro,Doro 8030,Bakside erstatning - Pris,499kr
Sony,Sony Xperia 5,Skjermbytte - Pris,3999kr
Sony,Sony Xperia X,Skjermbytte - Pris,1399kr
Sony,Sony Xperia XA,Skjermbytte - Pris,1599kr
Sony,Sony Xperia E5,Skjermbytte - Pris,1399kr
Sony,Sony Xperia XZ,Skjermbytte - Pris,1799kr
Sony,Sony Xperia X compact,Skjermbytte - Pris,1599kr
Sony,Sony Xperia XZ Premium,Skjermbytte - Pris,1799kr
Sony,Sony Xperia XA1,Skjermbytte - Pris,1799kr
Sony,Sony Xperia XA2,Skjermbytte - Pris,1999kr
Sony,Sony Xperia XA1 Ultra,Skjermbytte - Pris,1199kr
Sony,Sony Xperia XZ1,Skjermbytte - Pris,1799kr
Sony,Sony Xperia XZ1 Compact,Skjermbytte - Pris,1799kr
Sony,Sony Xperia XZ2,Skjermbytte - Pris,1799kr
Sony,Sony Xperia XZ2 Compact,Skjermbytte - Pris,1799kr
Sony,Sony Xperia M5,Skjermbytte - Pris,1399kr
Sony,Sony Xperia M4,Skjermbytte - Pris,1299kr
Sony,Sony Xperia Z5,Skjermbytte - Pris,1299kr
Sony,Sony Xperia Z5 compact,Skjermbytte - Pris,1299kr
Sony,Sony Xperia Z5 Premium,Skjermbytte - Pris,1799kr
Sony,Sony Xperia Z4,Skjermbytte - Pris,1499kr
Sony,Sony Xperia Z3+,Skjermbytte - Pris,1399kr
Sony,Sony Xperia Z3,Skjermbytte - Pris,1399kr
Sony,Sony Xperia Z3 compact,Skjermbytte - Pris,1399kr
Sony,Sony Xperia Z2,Skjermbytte - Pris,1199kr
Sony,Sony Xperia Z1,Skjermbytte - Pris,1199kr
Sony,Sony Xperia Z1 compact,Skjermbytte - Pris,999kr
Sony,Sony Xperia Z,Skjermbytte - Pris,899kr
Sony,Sony Xperia Z Ultra,Skjermbytte - Pris,1499kr
Sony,Sony Xperia ZR,Skjermbytte - Pris,999kr
Sony,Sony Xperia L2,Skjermbytte - Pris,1299kr
Sony,Sony Xperia XZ2 Compact,Skjermbytte - Pris,1199kr
Sony,Sony Xperia XZ2,Skjermbytte - Pris,1699kr
Sony,Sony Xperia XZ3,Skjermbytte - Pris,1899kr
Sony,Sony L1,Skjermbytte - Pris,799kr
Sony,Sony 10,Skjermbytte - Pris,1399kr
Sony,Sony 10 II,Skjermbytte - Pris,1599kr
Sony,Sony 10 Plus,Skjermbytte - Pris,1499kr
Sony,Sony L4,Skjermbytte - Pris,1299kr
Sony,Sony Xperia 5,Batteribytte - Pris,799kr
Sony,Sony Xperia X,Batteribytte - Pris,799kr
Sony,Sony Xperia XA,Batteribytte - Pris,799kr
Sony,Sony Xperia E5,Batteribytte - Pris,799kr
Sony,Sony Xperia XZ,Batteribytte - Pris,799kr
Sony,Sony Xperia X compact,Batteribytte - Pris,799kr
Sony,Sony Xperia XZ Premium,Batteribytte - Pris,799kr
Sony,Sony Xperia XA1,Batteribytte - Pris,799kr
Sony,Sony Xperia XA2,Batteribytte - Pris,799kr
Sony,Sony Xperia XA1 Ultra,Batteribytte - Pris,799kr
Sony,Sony Xperia XZ1,Batteribytte - Pris,799kr
Sony,Sony Xperia XZ1 Compact,Batteribytte - Pris,799kr
Sony,Sony Xperia XZ2,Batteribytte - Pris,799kr
Sony,Sony Xperia XZ2 Compact,Batteribytte - Pris,799kr
Sony,Sony Xperia M5,Batteribytte - Pris,799kr
Sony,Sony Xperia M4,Batteribytte - Pris,799kr
Sony,Sony Xperia Z5,Batteribytte - Pris,799kr
Sony,Sony Xperia Z5 compact,Batteribytte - Pris,799kr
Sony,Sony Xperia Z5 Premium,Batteribytte - Pris,799kr
Sony,Sony Xperia Z4,Batteribytte - Pris,799kr
Sony,Sony Xperia Z3+,Batteribytte - Pris,799kr
Sony,Sony Xperia Z3,Batteribytte - Pris,799kr
Sony,Sony Xperia Z3 compact,Batteribytte - Pris,799kr
Sony,Sony Xperia Z2,Batteribytte - Pris,799kr
Sony,Sony Xperia Z1,Batteribytte - Pris,799kr
Sony,Sony Xperia Z1 compact,Batteribytte - Pris,799kr
Sony,Sony Xperia Z,Batteribyte - Pris,799kr
Sony,Sony Xperia Z Ultra,Batteribytte - Pris,799kr
Sony,Sony Xperia ZR,Batteribytte - Pris,799kr
Sony,Sony Xperia L2,Batteribytte - Pris,799kr
Sony,Sony Xperia XZ3,Batteribytte - Pris,799kr
Sony,Sony L1,Batteribytte - Pris,799kr
Sony,Sony 10,Batteribytte - Pris,799kr
Sony,Sony 10 II,Batteribytte - Pris,799kr
Sony,Sony 10 Plus,Batteribytte - Pris,799kr
Sony,Sony L4,Batteribytte - Pris,799kr
Sony,Sony Xperia 5,Bakglass - Pris,499kr
Sony,Sony Xperia X,Bakglass - Pris,499kr
Sony,Sony Xperia XA,Bakglass - Pris,499kr
Sony,Sony Xperia E5,Bakglass - Pris,499kr
Sony,Sony Xperia XZ,Bakglass - Pris,499kr
Sony,Sony Xperia X compact,Bakglass - Pris,499kr
Sony,Sony Xperia XZ Premium,Bakglass - Pris,499kr
Sony,Sony Xperia XA1,Bakglass - Pris,499kr
Sony,Sony Xperia XA2,Bakglass - Pris,499kr
Sony,Sony Xperia XA1 Ultra,Bakglass - Pris,499kr
Sony,Sony Xperia XZ1,Bakglass - Pris,499kr
Sony,Sony Xperia XZ1 Compact,Bakglass - Pris,499kr
Sony,Sony Xperia XZ2,Bakglass - Pris,499kr
Sony,Sony Xperia XZ2 Compact,Bakglass - Pris,499kr
Sony,Sony Xperia M5,Bakglass - Pris,499kr
Sony,Sony Xperia M4,Bakglass - Pris,499kr
Sony,Sony Xperia Z5,Bakglass - Pris,499kr
Sony,Sony Xperia Z5 compact,Bakglass - Pris,499kr
Sony,Sony Xperia Z5 Premium,Bakglass - Pris,499kr
Sony,Sony Xperia Z4,Bakglass - Pris,499kr
Sony,Sony Xperia Z3+,Bakglass - Pris,499kr
Sony,Sony Xperia Z3,Bakglass - Pris,499kr
Sony,Sony Xperia Z3 compact,Bakglass - Pris,499kr
Sony,Sony Xperia Z2,Bakglass - Pris,499kr
Sony,Sony Xperia Z1,Bakglass - Pris,499kr
Sony,Sony Xperia Z1 compact,Bakglass - Pris,499kr
Sony,Sony Xperia Z,Bakglass - Pris,499kr
Sony,Sony Xperia Z Ultra,Bakglass - Pris,499kr
Sony,Sony Xperia ZR,Bakglass - Pris,499kr
Sony,Sony Xperia L2,Bakglass - Pris,499kr
Sony,Sony Xperia XZ3,Bakglass - Pris,499kr
Sony,Sony L1,Bakglass - Pris,499kr
Sony,Sony 10,Bakglass - Pris,499kr
Sony,Sony 10 II,Bakglass - Pris,499kr
Sony,Sony 10 Plus,Bakglass - Pris,499kr
Sony,Sony L4,Bakglass - Pris,499kr
